"X14","X15","X10","X17","X2","X16","X9","X11","X1","X5","X12","X7","X4","X3","X6"
78,31,5,4,0,2,0,1,1,0,0,0,0,0,0
17,5,2,1,1,0,0,0,1,0,0,0,0,0,0
4434,343,583,522,27,73,31,31,13,26,4,5,2,1,0
4620,337,511,546,27,83,30,24,11,20,2,3,3,0,3
5760,422,853,790,19,195,37,42,9,12,3,4,3,2,0
5751,402,779,689,27,160,28,33,11,19,6,4,3,0,3
5177,323,601,628,28,118,19,31,13,14,2,5,6,1,0
1,1,1,0,1,0,0,0,1,0,0,0,0,0,0
929,108,231,186,9,78,5,11,5,2,0,0,4,1,1
5427,378,649,683,17,138,19,26,14,25,2,9,2,0,0
802,82,244,141,10,76,1,10,1,2,1,2,0,0,0
3,3,0,2,0,0,0,1,0,0,0,0,0,0,0
39,16,0,0,1,0,0,0,0,0,0,0,0,0,0
7,3,0,1,1,0,0,0,0,0,0,0,0,0,0
2,1,1,0,0,0,0,0,0,0,0,0,0,0,0
562,126,55,37,3,2,6,2,1,1,0,1,0,1,0
217,64,33,7,2,3,6,1,2,1,1,2,0,0,0
695,80,188,147,8,53,4,3,4,2,1,0,1,0,0
359,59,31,56,2,3,6,0,1,1,0,1,2,0,0
601,173,59,47,0,0,7,3,2,0,1,1,1,0,0
383,48,106,50,3,35,7,3,2,2,1,1,0,0,0
190,72,25,6,1,9,2,1,1,2,0,1,0,1,0
558,164,51,41,0,6,3,3,3,3,0,0,0,1,1
27,16,3,0,0,0,0,0,0,0,0,0,0,0,0
5,2,0,0,0,0,0,0,0,0,0,0,0,0,0
13,4,0,0,2,0,0,0,0,0,0,0,0,0,0
1,2,1,0,0,0,0,0,0,0,0,0,0,0,0
6,7,0,0,0,0,0,0,0,0,0,0,0,0,0
11,3,2,0,0,0,0,0,0,0,0,0,0,0,0
7,5,1,0,0,0,0,0,0,0,0,0,0,0,0
7,5,1,0,0,0,0,0,0,0,0,0,0,0,0
4,2,0,0,0,0,0,1,0,0,0,0,0,0,0
3,2,0,0,0,0,0,0,0,0,0,0,0,0,0
44,9,0,1,0,0,0,0,0,0,0,0,0,0,0
12,4,1,0,0,0,0,0,0,0,0,0,0,0,0
738,78,217,128,7,68,4,5,4,4,0,1,0,0,0
58,23,21,5,2,5,1,0,1,0,0,1,1,0,0
252,55,29,27,1,2,0,3,0,1,1,1,0,0,0
418,96,29,15,4,4,2,4,1,2,1,0,0,0,0
65,28,6,6,1,1,1,1,1,1,0,0,2,0,0
978,125,92,129,5,27,0,8,1,2,0,1,0,0,0
337,51,64,72,2,20,7,1,1,1,1,0,0,0,0
371,87,38,17,9,4,5,2,2,0,2,1,0,0,0
55,30,12,1,1,0,1,0,1,1,0,0,0,0,0
163,39,11,7,4,2,3,3,1,1,0,0,1,0,0
404,86,37,52,3,7,3,5,1,2,1,0,0,0,0
856,96,117,84,4,25,3,4,3,1,1,0,0,0,0
78,24,16,17,2,6,1,0,1,1,0,0,1,0,0
119,22,8,6,4,2,0,1,1,1,0,0,1,0,0
167,36,12,9,4,3,2,1,1,1,1,0,0,0,0
525,92,78,68,2,26,2,2,3,1,0,0,0,2,0
1111,119,132,161,7,35,8,7,0,1,1,1,0,0,0
371,70,100,71,3,33,5,3,1,3,0,0,1,0,0
799,111,247,165,9,78,7,10,0,2,2,0,0,0,1
69,26,4,3,0,0,0,0,0,1,0,1,0,0,1
1086,132,153,153,6,26,5,13,3,0,5,2,0,0,0
75,21,11,26,2,2,1,1,2,1,0,0,0,0,1
599,167,58,57,2,7,3,2,1,2,0,1,0,0,0
78,12,10,5,1,1,3,0,1,2,0,0,0,1,0
285,38,34,15,4,2,3,1,2,0,0,0,1,1,0
484,70,79,67,3,25,1,4,0,1,2,0,0,0,1
1160,108,109,141,5,27,3,11,3,2,0,1,0,0,0
287,62,95,43,7,17,1,2,2,2,0,0,0,1,0
88,10,11,7,2,8,0,0,1,1,1,0,0,0,0
74,16,9,3,0,1,2,1,2,0,1,0,0,1,0
183,72,41,10,4,6,4,3,2,1,1,0,0,0,0
921,117,118,116,5,22,3,8,1,2,0,1,0,0,0
5,2,0,0,0,0,0,0,0,0,0,0,0,0,0
2,3,0,0,0,0,0,0,0,0,0,0,0,0,0
2,3,0,0,0,0,0,0,0,0,0,0,0,0,0
4,0,0,1,0,0,0,0,0,0,0,0,0,0,0
1,0,0,1,0,0,0,0,0,0,0,0,0,0,0
1,3,0,0,0,0,0,0,0,0,0,0,0,0,0
2,3,0,0,0,0,0,0,0,0,0,0,0,0,0
317,67,103,60,5,30,4,0,3,2,0,0,0,0,0
275,77,21,52,1,5,0,0,1,1,0,0,0,0,0
235,64,12,16,3,0,5,3,1,1,0,0,0,0,0
75,21,5,1,0,0,2,0,0,1,1,0,0,0,0
26,9,3,0,0,0,1,0,1,0,0,1,0,0,0
38,8,5,1,0,0,1,0,1,1,0,0,0,0,0
63,5,5,3,1,1,1,0,0,1,0,1,0,0,0
27,13,4,0,0,1,0,1,0,0,1,1,0,0,0
119,16,14,13,2,8,1,0,1,1,0,0,0,0,0
74,13,3,1,0,1,0,0,1,0,0,0,1,0,0
86,25,8,2,0,0,5,3,0,2,0,0,1,0,0
67,21,26,7,2,7,2,2,1,0,0,0,1,0,0
94,27,8,2,2,1,2,0,1,0,0,1,0,0,0
47,18,16,2,1,1,0,0,1,0,0,0,0,0,1
20,13,5,2,0,4,0,0,1,0,0,0,1,0,0
38,22,1,2,0,1,1,0,0,1,0,0,1,0,0
220,55,16,31,3,0,4,2,0,1,2,0,0,0,0
89,34,3,0,1,0,0,1,1,0,0,0,1,0,0
210,61,9,7,2,0,2,1,1,1,0,0,0,0,0
6,4,3,0,0,2,0,0,1,0,1,0,0,0,0
174,76,26,7,1,5,1,0,0,1,0,0,0,0,1
36,7,2,0,0,0,0,0,1,0,0,0,1,0,0
375,54,88,73,3,25,10,4,3,1,0,0,0,0,0
353,65,21,75,1,6,1,2,1,0,0,0,0,2,0
328,65,31,26,3,5,14,1,1,1,0,0,0,0,0
63,24,1,0,2,0,2,2,0,1,0,0,1,0,0
32,3,8,3,1,3,1,0,1,0,0,1,0,0,0
432,84,46,15,3,1,6,0,1,0,2,0,0,0,0
103,12,10,11,0,2,2,1,0,1,0,1,0,0,0
70,17,2,3,0,0,1,1,3,1,0,0,0,0,0
0,1,1,0,0,0,0,0,1,1,0,0,0,0,0
169,81,57,21,7,8,8,2,5,0,0,0,0,0,1
47,23,4,1,0,0,2,1,0,1,1,0,0,0,0
96,28,13,5,1,1,1,2,0,1,0,0,2,0,0
43,11,1,1,0,1,0,0,1,0,0,0,1,0,0
101,29,19,5,1,9,1,0,1,1,0,0,0,0,0
179,35,11,9,1,1,2,0,0,1,2,0,0,0,0
88,26,28,11,0,6,1,2,0,1,0,1,0,0,0
71,27,9,5,1,2,1,0,1,0,1,0,0,0,0
368,87,28,71,0,14,4,4,1,0,0,0,1,0,0
354,68,20,13,1,2,8,1,1,0,0,1,0,0,0
12,6,0,0,0,0,0,0,2,1,0,0,0,0,0
68,16,12,16,4,4,1,0,2,0,0,1,0,0,0
345,47,24,35,3,2,3,1,1,1,0,0,0,0,0
114,29,7,9,3,0,1,0,1,1,0,0,0,0,0
5,2,0,1,0,0,0,0,0,1,0,0,0,0,1
94,29,9,2,0,4,2,0,0,1,1,0,0,0,0
599,225,51,50,1,6,5,3,3,1,0,0,0,0,0
2,0,0,0,0,0,0,0,1,0,0,0,0,1,0
37,9,6,2,0,0,0,0,0,0,1,0,0,0,1
90,18,1,3,0,1,1,0,2,2,0,0,0,0,0
59,13,4,1,0,2,1,0,1,0,0,1,0,0,0
232,44,9,39,0,0,1,0,1,2,0,0,0,0,0
166,56,67,21,9,13,6,1,3,0,0,0,0,1,0
14,3,2,2,2,0,0,0,1,1,0,0,0,0,0
220,39,31,37,4,1,3,1,0,0,0,1,0,1,0
80,20,32,4,0,4,2,2,0,0,1,1,0,0,0
521,105,58,61,8,14,1,8,0,1,1,0,0,0,0
188,39,13,10,2,3,0,1,1,1,0,0,0,0,0
22,6,3,1,0,0,0,0,1,0,0,0,1,0,0
20,9,3,1,0,2,3,0,2,0,0,0,0,1,0
30,6,2,1,0,0,0,0,1,1,0,0,0,0,0
40,18,5,2,0,1,0,2,1,1,0,0,0,0,0
309,53,15,32,5,1,2,1,2,4,0,0,0,0,0
179,26,6,5,1,0,2,1,1,0,1,0,0,0,0
65,13,0,1,0,0,1,0,1,0,0,1,0,0,0
46,13,2,1,0,0,0,1,1,1,0,0,0,0,0
31,7,2,3,0,0,1,0,1,0,0,1,0,0,0
8,2,1,0,0,0,0,0,1,0,0,0,1,0,0
77,18,7,1,0,2,1,3,0,1,0,1,0,0,0
143,18,7,7,1,1,1,0,0,1,1,0,0,0,0
88,21,11,1,3,1,3,2,2,0,1,0,0,0,0
297,56,16,19,1,0,1,1,1,1,0,0,0,0,0
212,56,6,33,0,0,2,0,2,1,0,0,0,0,0
153,61,38,19,6,5,5,0,0,1,0,0,0,1,0
71,23,21,8,1,5,4,2,0,2,1,0,0,0,0
21,7,1,0,3,0,0,0,0,1,0,0,1,0,0
27,17,3,3,0,0,0,0,1,1,0,0,0,0,0
11,4,0,3,0,0,0,0,3,0,0,0,0,1,0
816,95,189,128,10,62,4,5,3,1,0,0,0,0,0
325,66,32,60,0,11,0,3,1,1,0,0,0,0,0
139,29,6,2,1,2,1,0,0,0,1,1,0,0,0
278,68,24,20,4,2,5,1,3,1,0,0,0,0,0
16,3,0,0,0,0,0,0,1,0,0,0,0,1,0
71,20,15,14,2,3,0,0,2,1,0,0,0,0,0
280,46,16,47,3,5,5,3,0,2,0,1,0,0,0
34,7,3,3,2,1,0,1,1,0,0,0,0,1,0
37,11,3,3,0,0,0,1,1,1,0,0,0,0,0
9,9,0,2,0,0,0,0,1,0,1,0,0,0,0
386,93,36,14,9,1,1,0,3,0,0,0,1,0,0
94,20,14,2,3,1,2,0,2,1,0,0,0,0,0
240,43,1,16,0,1,0,0,1,2,0,0,0,0,0
190,76,38,17,6,9,9,0,0,1,0,0,1,0,0
4,2,0,0,0,0,0,0,1,0,0,0,1,0,0
24,8,0,0,0,0,0,0,1,1,0,0,0,0,0
84,35,8,5,0,1,1,1,2,2,0,0,0,0,0
6,0,0,0,0,0,0,0,0,0,0,0,0,0,0
2,0,0,0,0,0,0,0,0,0,0,0,0,0,0
0,1,0,0,0,0,0,0,0,0,0,0,0,0,0
1,0,0,0,0,0,0,0,0,0,0,0,0,0,0
1,0,0,0,0,0,0,0,0,0,0,0,0,0,0
1,0,0,0,0,0,0,0,0,0,0,0,0,0,0
1,0,0,0,0,0,0,0,0,0,0,0,0,0,0
107,35,5,9,4,2,0,1,0,0,1,0,0,0,0
15,2,0,0,0,0,0,0,0,1,0,0,0,0,0
19,9,1,1,1,0,0,0,1,0,0,0,0,0,0
77,36,2,1,0,1,0,0,0,1,0,0,0,0,0
5,1,1,0,0,0,0,0,0,0,0,1,0,0,0
5,1,0,0,0,0,0,0,1,0,0,0,0,0,0
0,0,0,0,0,0,0,0,1,0,0,0,0,0,0
10,4,0,0,0,0,0,0,0,1,0,0,0,0,0
31,7,1,1,0,0,2,0,3,0,0,0,0,0,0
7,1,1,0,0,0,0,0,0,0,0,0,1,0,0
92,34,9,5,0,0,1,0,0,2,0,0,0,0,0
1,3,0,0,0,0,0,0,1,0,0,0,0,0,0
22,8,1,2,0,0,1,0,0,0,1,0,0,0,0
11,2,1,1,1,0,0,0,0,0,0,0,1,0,0
36,17,2,6,0,0,2,0,0,0,0,1,0,0,0
21,10,0,0,0,0,1,0,1,0,0,0,0,0,0
24,11,3,1,0,0,0,0,0,0,1,0,0,0,0
16,8,4,2,1,1,0,0,1,0,0,0,0,0,0
45,10,0,1,2,0,0,0,2,0,0,0,0,0,0
3,1,0,0,0,0,0,0,0,0,0,0,1,0,0
2,0,0,0,0,0,0,0,0,0,0,0,1,0,0
42,7,9,1,2,3,1,0,1,0,0,0,0,0,0
11,3,4,4,0,1,0,0,0,0,0,1,0,0,0
12,8,7,0,0,0,0,0,1,0,0,0,0,0,0
110,21,6,6,1,3,2,1,1,0,0,0,0,0,0
4,1,2,1,0,1,1,0,0,0,0,0,1,0,0
19,4,2,0,0,0,0,0,1,0,0,0,0,0,0
128,40,5,7,2,0,4,0,0,1,0,0,0,0,0
8,6,0,0,0,0,0,0,0,0,0,0,0,0,0
17,7,2,0,0,1,0,0,1,0,0,0,0,0,0
88,13,3,6,2,1,0,0,0,0,1,0,0,0,0
36,12,3,0,0,1,0,0,0,0,1,0,0,0,0
75,14,5,5,1,1,2,0,0,1,0,0,0,0,0
58,10,5,2,0,0,0,1,0,0,0,1,0,0,0
3,4,0,1,0,0,0,0,1,0,0,0,0,0,0
26,4,4,3,0,1,1,0,1,0,0,0,0,0,0
74,38,5,2,1,0,1,0,0,1,0,0,0,0,0
17,7,6,1,0,1,1,0,1,0,0,0,0,0,0
22,2,7,2,0,1,0,0,1,0,0,0,0,0,0
33,8,4,0,1,1,1,0,0,0,1,0,0,0,0
5,4,0,0,1,0,0,0,1,0,0,0,0,0,0
4,5,0,0,0,0,1,0,0,0,0,1,0,0,0
0,2,0,0,0,0,0,0,1,0,0,0,0,0,0
74,13,27,12,0,12,2,2,2,0,0,0,0,0,0
10,9,0,2,0,0,0,0,0,0,1,0,0,0,0
37,6,1,0,0,0,0,0,1,0,0,0,0,0,0
0,0,0,0,0,0,0,0,1,0,0,0,0,0,0
87,19,9,6,2,1,2,1,0,1,0,0,0,0,0
237,65,14,10,0,0,4,0,0,2,0,0,0,0,0
31,12,3,2,1,1,0,0,0,1,0,0,0,0,0
5,3,0,0,0,0,0,0,0,0,0,0,1,0,0
4,0,0,0,0,0,0,0,0,1,0,0,0,0,0
13,3,3,0,0,0,0,0,1,0,0,0,0,0,0
167,76,54,19,5,7,0,1,1,0,0,0,0,0,0
17,4,1,1,1,0,0,0,0,0,1,0,0,0,0
5,1,0,0,0,0,0,0,1,0,0,0,0,0,0
6,1,1,0,0,0,1,0,2,0,0,0,0,0,0
4,1,0,0,0,0,0,0,0,0,0,0,1,0,0
1,2,0,0,0,0,0,0,1,0,0,0,0,0,0
6,2,0,0,0,0,0,0,0,0,0,0,0,1,0
1,1,1,0,0,0,1,0,0,0,0,0,1,0,0
17,3,3,0,0,3,0,0,0,1,0,0,0,0,0
6,3,1,0,0,0,0,0,1,0,0,0,0,0,0
0,0,0,0,0,0,0,0,1,0,0,0,0,0,0
53,12,2,8,0,0,0,0,1,0,0,0,0,0,0
2,1,0,0,0,0,1,0,0,0,1,0,0,0,0
20,6,0,3,0,0,0,0,1,0,0,0,0,0,0
0,1,0,0,0,0,0,0,0,1,0,0,0,0,0
3,2,0,0,0,0,0,0,1,0,0,0,0,0,0
3,4,1,0,0,0,0,0,1,0,0,0,0,0,0
1,5,0,0,0,0,0,0,0,0,1,0,0,0,0
75,45,12,0,0,1,2,0,2,0,0,0,0,0,0
34,8,1,1,1,0,0,0,0,0,0,0,0,0,1
99,26,16,3,1,8,5,0,0,0,0,1,0,0,0
148,39,13,1,3,0,0,1,0,2,0,0,0,0,0
31,13,2,2,0,0,0,0,1,0,0,0,0,0,0
17,10,4,1,0,2,0,0,1,0,0,0,0,0,0
2,4,0,0,0,0,0,0,1,0,0,0,0,0,0
87,44,5,5,1,0,2,0,1,0,0,0,0,0,0
22,11,0,2,1,0,2,0,0,1,0,0,0,0,0
15,6,1,0,0,0,0,0,1,0,0,0,0,0,0
76,32,0,11,1,0,2,1,0,1,0,0,0,0,0
11,4,0,0,0,0,0,0,1,0,0,0,0,0,0
8,1,2,1,0,0,0,0,1,0,0,0,0,0,0
27,10,1,1,0,0,0,0,0,1,0,0,0,0,0
24,6,1,1,1,0,0,0,0,1,0,0,0,0,0
10,5,1,1,0,0,0,0,0,1,0,0,0,0,0
28,5,0,2,0,0,0,0,0,0,1,0,0,0,0
29,5,0,3,1,0,0,0,0,1,0,0,0,0,0
6,5,2,0,0,0,0,0,1,0,0,0,0,0,0
1,1,0,0,0,0,0,0,1,0,0,0,0,0,0
3,0,1,1,0,1,0,0,1,0,0,0,0,0,0
9,1,1,0,0,1,0,0,1,0,0,0,0,0,0
13,7,0,1,0,0,0,0,1,0,0,0,0,0,0
3,0,0,0,0,0,0,0,0,1,0,0,0,0,0
290,45,21,53,0,6,1,0,0,0,0,1,0,0,0
0,0,0,0,0,0,0,0,1,0,0,0,0,0,0
39,18,3,1,2,1,2,2,1,0,0,0,0,0,0
12,8,0,0,2,0,0,0,1,0,0,0,0,0,0
100,20,5,4,2,2,1,0,0,0,0,0,1,0,0
2,3,0,0,0,0,0,0,1,0,0,0,0,0,0
9,5,2,1,0,0,0,0,0,1,0,0,0,0,0
69,24,12,12,1,3,1,0,1,0,0,0,0,0,0
121,31,7,4,1,3,3,1,1,0,0,0,0,0,0
120,19,4,10,0,2,0,0,1,0,0,0,0,0,0
11,7,2,1,0,0,0,0,0,0,0,0,0,0,1
35,14,3,3,0,2,2,1,3,0,0,0,0,0,0
16,8,0,0,0,0,0,0,0,1,0,0,0,0,0
551,158,40,50,5,2,8,4,3,0,0,0,0,0,0
61,5,2,3,1,0,1,0,0,0,1,0,0,0,0
75,13,2,3,0,0,0,0,0,0,0,0,0,1,0
28,7,4,4,0,2,0,0,0,0,0,0,0,1,0
8,7,2,1,0,0,0,0,0,0,1,0,0,0,0
8,6,1,0,0,0,0,0,0,1,0,0,0,0,0
8,5,0,0,0,0,0,0,0,0,1,0,0,0,0
52,20,3,3,3,0,0,0,1,0,0,0,0,0,0
88,12,9,4,0,2,3,0,0,0,0,1,0,0,0
53,16,3,1,0,0,0,1,1,0,0,0,0,0,0
15,6,0,0,0,0,0,1,1,0,0,0,0,0,0
0,0,0,0,0,0,0,0,0,0,0,0,0,1,0
63,8,4,1,0,0,0,0,1,0,0,0,0,0,0
189,53,3,12,1,0,0,0,1,0,0,0,0,0,0
4,3,0,0,1,0,0,0,1,0,0,0,0,0,0
8,2,1,0,1,0,0,0,0,0,0,0,0,1,0
0,2,0,0,0,0,0,0,1,0,0,0,0,0,0
26,9,1,16,0,0,0,0,0,0,1,0,0,0,0
31,15,0,2,0,0,0,0,1,0,0,0,0,0,0
31,19,2,3,0,0,2,1,0,1,0,0,0,0,0
29,13,3,0,0,0,1,0,0,1,0,0,0,0,0
2,1,0,1,0,0,1,0,0,0,1,0,0,0,0
52,20,3,3,1,0,0,0,0,0,1,0,0,0,0
7,6,2,0,0,1,1,0,1,0,0,0,0,0,0
82,36,8,0,1,1,0,0,0,1,0,0,0,0,0
31,11,1,0,1,0,0,0,1,0,0,0,0,0,0
74,25,14,4,0,3,1,2,1,0,0,0,0,0,0
2,1,0,0,0,0,0,0,1,0,0,0,0,0,0
13,7,3,1,1,0,0,0,0,0,0,0,1,0,0
5,3,0,1,0,0,0,0,0,0,1,0,0,0,0
158,35,6,20,0,2,0,0,0,1,0,0,0,0,0
147,45,8,6,0,3,1,0,1,0,0,0,0,0,0
29,5,2,4,0,0,0,0,0,1,0,0,0,0,0
2,0,0,0,0,0,0,0,1,0,0,0,0,0,0
13,3,0,0,0,0,0,0,1,0,0,0,0,0,0
11,6,0,0,0,0,0,0,0,0,1,0,0,0,0
12,8,1,1,0,0,0,0,0,0,1,0,0,0,0
13,4,1,0,1,0,0,0,0,0,0,0,0,1,0
2,1,0,0,0,0,0,0,0,0,1,0,0,0,0
6,9,3,0,0,0,0,0,1,0,0,0,0,0,0
1,0,0,0,1,0,0,0,1,0,0,0,0,0,0
7,4,0,0,0,0,0,0,0,0,0,0,0,1,0
156,21,14,6,5,2,2,0,1,0,0,0,0,0,0
21,9,2,1,1,1,0,0,0,0,0,0,1,0,0
28,7,1,0,0,0,0,0,0,1,0,0,0,0,0
92,28,5,9,0,1,0,0,0,0,0,2,0,0,0
112,39,11,4,0,0,1,0,0,1,0,0,0,0,0
50,29,6,3,0,0,4,1,2,0,0,0,0,0,0
87,28,12,4,0,4,3,1,1,0,0,0,0,0,0
48,11,0,2,0,0,0,0,0,0,0,1,0,0,0
1,1,0,0,0,0,0,0,1,0,0,0,0,0,0
10,5,1,0,3,0,1,0,1,0,0,0,0,0,0
58,15,7,5,1,0,0,0,2,0,0,0,0,0,0
0,0,0,0,0,0,0,0,1,0,0,0,0,0,0
82,37,11,1,3,8,2,0,0,1,0,0,0,0,0
19,4,1,2,0,1,0,0,1,0,0,0,0,0,0
0,3,1,0,0,0,0,0,0,1,0,0,0,0,0
42,12,6,6,2,1,0,0,0,0,0,1,0,0,0
76,11,3,8,1,1,0,0,0,0,0,0,1,0,0
8,5,0,0,0,0,0,0,1,0,0,0,0,0,0
31,3,0,0,0,0,0,0,0,1,0,0,0,0,0
55,15,4,2,3,3,0,1,1,0,0,0,0,0,0
83,21,5,7,2,0,1,0,0,0,1,0,0,0,0
4,6,0,0,0,0,0,0,0,0,0,0,1,0,0
107,28,3,3,1,2,1,1,0,0,0,0,0,1,0
80,15,8,3,0,0,2,1,1,0,0,0,0,0,0
29,11,3,1,2,2,1,0,0,1,0,0,0,0,0
11,6,3,0,0,0,0,0,2,0,0,0,0,0,0
0,0,0,0,0,0,0,0,0,1,0,0,0,0,0
20,4,4,3,1,3,0,0,1,0,0,0,0,0,0
7,2,0,1,0,0,0,0,0,0,0,0,1,0,0
81,39,6,12,2,2,4,1,0,0,1,0,0,0,0
27,11,1,1,2,1,1,0,1,0,0,0,0,0,0
7,4,1,0,0,1,0,0,1,0,0,0,0,0,0
88,18,8,12,1,3,3,0,2,0,0,0,0,0,0
129,46,11,18,1,3,0,2,1,0,0,0,0,0,0
252,64,19,14,1,1,1,1,0,0,1,0,0,0,0
62,24,6,6,0,2,1,0,0,1,0,0,0,0,0
64,18,6,0,1,0,5,0,1,0,0,0,0,0,0
23,0,3,1,0,0,1,0,1,0,0,0,0,0,0
41,17,2,2,0,1,0,0,0,1,0,0,0,0,0
8,3,0,1,0,0,1,0,0,1,0,0,0,0,0
10,3,0,0,0,0,0,0,0,0,0,1,0,0,0
14,3,0,1,0,0,0,0,0,0,0,0,1,0,0
11,7,0,0,0,0,1,0,1,0,0,0,0,0,0
73,29,9,13,2,1,2,0,0,1,0,0,0,0,0
15,6,2,3,1,2,0,0,0,1,0,0,0,0,0
156,37,34,17,5,6,4,1,1,0,0,0,0,0,0
1,1,0,0,0,0,0,0,1,0,0,0,0,0,0
47,11,12,1,2,2,1,0,0,1,0,0,0,0,0
2,0,0,0,0,0,0,0,0,1,0,0,0,0,0
6,2,0,0,0,0,0,0,0,0,0,1,0,0,0
0,1,0,0,0,0,0,0,0,1,0,0,0,0,0
16,9,3,2,0,0,0,1,1,0,0,0,0,0,0
2,0,0,0,1,0,0,0,1,0,0,0,0,0,0
230,67,40,15,0,3,5,4,0,0,0,0,1,0,0
19,5,2,2,0,2,0,0,1,0,0,0,0,0,0
2,3,0,0,0,0,0,0,1,0,0,0,0,0,0
41,14,0,6,2,0,1,0,0,1,0,0,0,0,0
57,18,11,5,0,4,0,0,1,0,0,0,0,0,0
10,7,0,1,0,0,0,0,0,0,0,0,1,0,0
191,20,12,7,0,10,1,1,0,0,0,0,0,0,1
3,1,1,0,1,1,0,0,1,0,0,0,0,0,0
62,8,4,3,1,0,0,1,1,0,0,0,0,0,0
6,0,1,0,0,0,0,0,1,0,0,0,0,0,0
14,12,1,0,0,0,0,1,1,0,0,0,0,0,0
110,50,2,2,2,0,0,0,1,0,0,0,0,0,0
34,11,2,3,0,0,0,0,0,0,1,0,0,0,0
6,2,0,0,0,0,0,0,0,0,0,1,0,0,0
0,0,0,0,0,0,0,0,0,0,1,0,0,0,0
47,7,0,2,0,0,2,0,0,1,0,0,0,0,0
1,3,1,1,0,0,0,0,0,1,0,0,0,0,0
44,5,2,1,1,0,0,0,0,1,0,0,0,0,0
1,3,0,0,0,0,0,0,0,1,0,0,0,0,0
21,8,0,2,0,0,1,0,0,0,1,0,0,0,0
21,4,1,0,0,2,0,0,0,0,0,0,1,0,0
7,4,1,0,0,1,0,0,1,0,0,0,0,0,0
12,5,0,1,0,0,0,1,1,0,0,0,0,0,0
14,5,1,1,0,1,0,0,1,0,0,0,0,0,0
1,2,1,1,0,1,0,0,1,0,0,0,0,0,0
24,19,4,0,0,0,0,0,0,1,0,0,0,0,0
2,1,1,0,0,1,0,0,0,0,1,0,0,0,0
17,0,2,5,0,0,0,0,0,1,0,0,0,0,0
10,7,4,0,0,2,0,0,1,0,0,0,0,0,0
6,2,1,1,0,1,0,0,0,0,0,0,0,0,0
6,2,3,1,0,2,0,0,0,0,0,1,0,0,0
42,16,2,3,0,0,1,1,0,1,0,0,0,0,0
0,3,0,0,0,0,0,0,0,0,1,0,0,0,0
100,29,5,0,1,1,1,1,0,0,0,0,1,0,0
47,7,10,3,0,3,1,0,1,0,0,0,0,0,0
3,1,0,0,0,0,0,0,0,0,1,0,0,0,0
180,24,11,9,2,5,0,0,1,0,0,0,0,0,0
96,21,1,5,2,0,1,0,0,1,0,0,0,0,0
3,4,0,0,0,0,0,0,0,0,1,0,0,0,0
16,5,1,1,0,1,0,0,0,0,0,1,0,0,0
3,3,2,0,0,2,0,0,1,0,0,0,0,0,0
0,2,0,0,0,0,0,0,1,0,0,0,0,0,0
36,2,2,2,0,0,0,0,0,1,0,0,0,0,0
31,13,8,1,0,0,0,0,0,0,1,0,0,0,0
10,0,1,1,0,0,0,0,0,0,0,1,0,0,0
106,25,10,3,1,2,0,0,2,0,0,0,0,0,0
34,10,5,2,1,1,2,0,1,0,0,0,0,0,0
24,5,0,0,0,0,0,0,1,0,0,0,0,0,0
13,11,2,0,0,1,0,0,0,1,0,0,0,0,0
113,16,4,8,0,2,3,2,0,1,0,0,0,0,0
11,1,0,1,1,0,0,0,0,0,0,1,0,0,0
26,12,7,2,2,1,3,0,0,0,1,0,0,0,0
13,5,2,1,0,0,1,0,0,0,1,0,0,0,0
8,6,0,3,0,0,0,0,0,1,0,0,0,0,0
421,116,54,16,0,6,1,5,1,0,0,0,0,0,0
64,34,6,6,0,0,0,0,0,2,0,0,0,0,0
12,7,0,0,0,0,0,0,1,0,0,0,0,0,0
110,12,7,11,2,0,1,0,0,0,0,1,0,0,0
44,8,3,7,0,1,0,1,0,0,1,0,0,0,0
1,1,0,0,0,0,0,0,1,0,0,0,0,0,0
121,33,14,4,0,1,1,0,2,0,0,0,0,0,0
114,29,5,18,3,1,1,2,1,0,0,0,0,0,0
5,2,0,1,0,0,0,0,0,2,0,0,0,0,0
10,12,1,0,0,0,1,0,0,0,0,0,1,0,0
54,11,5,4,0,2,3,0,0,0,0,1,0,0,0
16,9,1,2,0,1,0,0,0,0,0,0,1,0,0
4,1,0,0,0,0,0,0,0,0,0,1,0,0,0
41,16,0,2,0,0,0,0,1,0,0,0,0,0,0
23,6,2,0,1,0,0,1,0,1,0,0,0,0,0
83,23,19,9,5,3,0,0,1,0,0,0,0,0,0
3,1,0,1,0,0,0,0,1,0,0,0,0,0,0
2,1,0,0,0,0,0,0,0,1,0,0,0,0,0
9,1,1,1,0,0,0,0,1,0,0,0,0,0,0
3,2,0,0,0,0,0,0,1,0,0,0,0,0,0
56,24,2,5,2,0,1,1,0,1,0,0,0,0,0
17,7,3,3,0,0,0,1,1,0,0,0,0,0,0
240,90,33,16,4,8,2,1,0,0,0,0,0,1,0
100,35,13,4,1,1,2,0,0,0,0,0,0,1,0
1,1,0,0,0,0,0,0,0,1,0,0,0,0,0
59,15,8,5,0,0,2,0,0,1,0,0,0,0,0
12,6,2,0,1,0,0,0,0,2,0,0,0,0,0
14,14,3,0,1,1,1,0,1,0,0,0,0,0,0
155,28,8,13,2,2,3,0,0,1,0,0,0,0,0
18,3,0,0,0,0,1,0,0,1,0,0,0,0,0
12,8,0,0,0,0,0,0,0,1,0,0,0,0,0
18,16,0,1,1,0,0,0,1,0,0,0,0,0,0
35,3,1,4,1,1,0,0,1,0,0,0,0,0,0
3,3,0,0,0,0,0,0,0,1,0,0,0,0,0
3,0,2,0,0,1,0,0,0,0,0,0,0,0,1
1,0,0,1,0,0,0,0,1,0,0,0,0,0,0
8,2,1,0,1,1,0,0,1,0,0,0,0,0,0
3,1,0,0,0,0,0,0,1,0,0,0,0,0,0
30,6,2,1,0,0,0,0,1,0,0,0,0,0,0
0,2,0,0,0,0,0,0,0,0,0,0,0,0,1
31,11,0,6,0,0,0,0,1,0,0,0,0,0,0
28,5,5,0,0,3,0,0,0,0,1,0,0,0,0
3,6,0,0,0,0,0,0,1,0,0,0,0,0,0
88,24,9,6,3,0,1,0,0,1,0,0,0,0,0
5,3,2,1,0,1,2,0,0,0,0,0,0,0,1
44,21,2,2,1,0,1,0,0,0,0,0,1,0,0
5,0,0,0,0,0,0,0,1,0,0,0,0,0,0
7,2,1,1,0,0,0,0,1,0,0,0,0,0,0
63,7,6,0,2,3,1,1,0,1,0,0,0,0,0
7,6,0,0,1,0,0,0,1,0,0,0,0,0,0
4,2,0,0,0,0,0,0,1,0,0,0,0,0,0
0,0,0,0,0,0,0,0,0,1,0,0,0,0,0
21,3,0,0,1,0,0,0,1,0,0,0,0,0,0
103,17,5,5,0,0,1,1,0,1,0,0,0,0,0
21,3,0,1,0,0,0,0,0,0,1,0,0,0,0
36,12,1,1,0,0,1,0,1,0,0,0,0,0,0
3,3,0,0,0,0,0,0,0,0,0,0,0,1,0
37,15,4,3,0,0,1,0,0,1,0,0,0,0,0
0,2,0,0,0,0,0,0,0,0,0,0,1,0,0
3,6,0,1,1,0,1,0,1,0,0,0,0,0,0
177,23,4,4,3,0,0,0,1,0,0,0,0,0,0
38,9,4,2,2,5,0,0,0,1,0,0,0,0,0
19,5,1,2,0,0,0,0,0,1,0,0,0,0,0
10,3,0,0,0,0,0,0,1,0,0,0,0,0,0
10,3,0,0,0,0,0,0,0,1,0,0,0,0,0
4,5,1,0,0,1,1,0,1,0,0,0,0,0,0
25,14,0,1,0,0,2,0,0,1,0,0,0,0,0
401,81,20,17,3,2,0,3,4,0,0,0,0,0,0
37,10,4,1,0,1,3,0,0,0,0,0,2,0,0
65,8,24,6,1,2,2,0,0,1,0,0,0,0,0
13,5,1,3,2,0,0,0,0,0,0,0,1,0,0
118,22,20,15,0,5,0,0,1,0,0,0,0,0,0
20,9,2,0,0,0,0,0,1,0,0,0,0,0,0
1,2,0,0,0,0,0,0,0,1,0,0,0,0,0
14,2,2,2,1,2,0,0,0,0,1,0,0,0,0
50,8,1,1,1,0,1,0,0,0,1,0,0,0,0
14,5,3,3,0,0,0,0,0,1,0,0,0,0,0
36,16,7,0,0,1,1,0,1,0,0,0,0,0,0
35,8,5,1,0,2,0,0,0,0,0,0,1,0,0
176,26,10,5,2,2,4,1,0,1,0,0,0,0,0
6,0,0,0,0,0,0,1,0,0,1,0,0,0,0
18,9,2,1,0,1,0,0,1,0,0,0,0,0,0
0,0,0,0,0,0,0,0,1,0,0,0,0,0,0
0,0,0,0,0,0,0,0,0,1,0,0,0,0,0
0,0,0,0,0,0,0,0,0,1,0,0,0,0,0
11,12,1,0,0,0,0,1,0,0,0,0,1,0,0
3,8,0,0,0,0,0,0,1,0,0,0,0,0,0
25,11,0,0,0,0,0,0,0,0,0,1,0,0,0
5,4,2,1,0,2,0,0,1,0,0,0,0,0,0
2,3,1,0,0,1,0,0,0,0,1,0,0,0,0
89,42,12,1,1,0,0,0,0,2,0,0,0,0,0
55,7,2,4,0,0,2,1,0,1,0,0,0,0,0
70,27,3,5,1,0,0,2,0,1,0,0,0,0,0
40,6,2,3,1,0,0,0,0,1,0,0,0,0,0
65,15,5,5,0,1,3,1,1,0,0,0,0,0,0
3,0,1,0,0,0,0,0,0,0,0,0,1,0,0
64,10,13,2,1,3,2,0,0,1,0,0,0,0,0
3,1,0,0,0,0,0,0,1,0,0,0,0,0,0
0,0,0,0,0,0,0,0,0,1,0,0,0,0,0
12,7,2,0,1,0,1,0,0,1,0,0,0,0,0
23,8,1,1,0,0,0,0,0,1,0,0,0,0,0
158,25,11,7,1,4,2,0,0,0,1,0,0,0,0
5,2,0,0,0,0,0,0,0,1,0,0,0,0,0
3,2,0,0,0,0,1,0,0,0,1,0,0,0,0
16,12,2,0,0,0,0,0,0,0,1,0,0,0,0
100,37,2,3,2,0,0,0,0,1,0,0,0,0,0
44,10,5,6,1,1,0,0,0,2,0,0,0,0,0
17,6,2,3,0,0,0,0,1,0,0,0,0,0,0
3,3,1,0,0,0,0,0,0,1,0,0,0,0,0
5,3,1,1,0,0,0,0,0,1,0,0,0,0,0
18,5,3,0,0,1,0,0,0,1,0,0,0,0,0
4,5,1,0,0,0,0,0,0,1,0,0,0,0,0
26,3,2,0,0,1,0,0,0,1,0,0,0,0,0
34,9,2,4,1,0,0,0,0,0,0,1,0,0,0
0,1,0,0,0,0,0,0,0,1,0,0,0,0,0
2,2,0,0,1,0,0,0,1,0,0,0,0,0,0
2,5,0,0,0,0,0,0,0,0,1,0,0,0,0
80,30,6,2,1,0,2,1,0,0,0,0,0,0,1
5,9,1,0,0,0,0,0,1,0,0,0,0,0,0
17,5,1,1,2,0,0,0,0,0,0,0,0,1,0
66,23,1,5,0,1,0,0,1,0,0,0,0,0,0
42,16,2,1,3,0,0,0,0,0,0,0,0,1,0
3,0,0,0,0,0,0,0,0,0,1,0,0,0,0
2,0,0,0,0,0,0,0,1,0,0,0,0,0,0
0,0,0,0,0,0,0,0,1,0,0,0,0,0,0
5,2,0,1,0,0,0,0,1,0,0,0,0,0,0
45,16,1,4,0,0,1,0,1,0,0,0,0,0,0
6,0,2,0,0,1,1,0,0,1,0,0,0,0,0
17,12,0,0,1,0,0,0,1,0,0,0,0,0,0
48,15,4,2,1,2,0,0,0,0,0,1,0,0,0
21,5,0,0,0,0,0,0,0,0,0,0,0,1,0
30,10,1,1,0,1,4,0,0,1,0,0,0,0,0
77,17,2,5,1,0,0,0,1,0,0,0,0,0,0
76,20,3,0,2,0,0,1,2,0,0,0,0,0,0
1,1,0,0,0,0,0,0,0,1,0,0,0,0,0
64,24,2,1,3,0,2,0,0,1,0,0,0,0,0
5,1,1,0,0,1,0,0,0,0,0,0,1,0,0
11,5,1,1,1,0,0,0,0,0,0,0,0,1,0
138,15,3,13,0,0,0,0,0,2,0,0,0,0,0
30,6,4,2,0,1,0,0,1,0,0,0,0,0,0
106,18,7,1,3,2,1,1,0,0,0,1,0,0,0
8,2,1,0,1,0,0,0,0,0,1,0,0,0,0
0,1,0,0,0,0,0,0,0,0,0,0,1,0,0
133,30,14,14,3,3,0,0,1,0,0,0,0,0,0
15,9,0,0,0,0,0,0,0,0,1,0,0,0,0
8,1,0,0,0,0,0,1,1,0,0,0,0,0,0
26,6,2,2,0,1,0,0,1,0,0,0,0,0,0
5,1,0,0,0,0,0,0,1,0,0,0,0,0,0
6,1,0,0,0,0,0,0,1,0,0,0,0,0,0
1,1,0,0,0,0,0,0,1,0,0,0,0,0,0
11,3,1,0,0,0,0,0,0,1,0,0,0,0,0
0,1,0,0,0,0,0,0,1,0,0,0,0,0,0
173,22,25,19,5,5,2,2,1,0,0,0,0,0,0
5,6,0,0,0,0,0,0,1,0,0,0,0,0,0
39,14,3,6,0,0,2,0,1,0,0,0,0,0,0
5,0,0,0,0,0,0,0,0,0,0,0,1,0,0
8,1,0,1,0,0,0,0,1,0,0,0,0,0,0
62,19,1,2,1,0,2,0,1,0,0,0,0,0,0
21,2,1,2,0,3,0,0,0,1,0,0,0,0,0
75,23,11,3,1,5,5,1,0,1,0,0,0,0,0
78,24,2,2,0,0,2,0,2,0,0,0,0,0,0
61,13,11,9,1,2,0,1,0,0,0,1,0,0,0
